DataRilevazione;DataMorte;IdentificativoLavoratore;Genere;LuogoNascita;EtaMorte;MalattiaSilicosiAsbestosi;IdentificativoCaso;Gestione
30/04/2026;02/01/2022;20597555;M;ITAL;87;N;811452;I
30/04/2026;25/04/2024;18666830;M;ITAL;91;S;810672;I
30/04/2026;18/02/2024;21060106;M;ITAL;84;S;821569;I
30/04/2026;21/10/2022;10974784;M;ITAL;84;N;850108;I
30/04/2026;05/04/2023;27372525;M;ITAL;83;N;600615;I
30/04/2026;16/12/2023;10976779;M;ITAL;87;N;826209;I
30/04/2026;02/03/2023;3266116;M;ITAL;91;S;822136;S
30/04/2026;30/07/2023;10996575;M;ITAL;92;S;819991;I
30/04/2026;20/02/2022;497157;M;ITAL;79;N;831209;I
30/04/2026;27/03/2023;16675802;M;ITAL;82;N;815176;I
30/04/2026;31/12/2023;29864637;M;ITAL;93;N;813548;I
30/04/2026;04/01/2021;1814703;M;ITAL;93;N;543638;I
30/04/2026;16/12/2023;1519700;M;ITAL;92;N;819684;I
30/04/2026;22/07/2022;734344;M;ITAL;84;N;823258;A
30/04/2026;05/07/2025;20920916;M;ITAL;82;N;829251;I
30/04/2026;03/02/2023;2607749;M;ITAL;92;N;823059;I
30/04/2026;08/08/2021;3509645;M;ITAL;83;N;817218;I
30/04/2026;24/12/2024;1712849;M;ITAL;90;S;810438;I
30/04/2026;26/10/2021;27314450;M;ITAL;90;N;1000096;I
30/04/2026;10/11/2022;3097960;M;ITAL;86;N;573941;I
30/04/2026;26/01/2023;29864639;M;ITAL;85;S;752130;I
30/04/2026;01/02/2021;613289;M;ITAL;79;N;1074756;I
30/04/2026;21/04/2023;20497542;M;ITAL;74;N;1232539;A
30/04/2026;18/01/2023;20520802;M;ITAL;83;S;12415697;I
30/04/2026;16/05/2021;6539365;M;ITAL;74;N;16395021;I
30/04/2026;22/11/2021;10996495;M;ITAL;73;S;18466246;I
30/04/2026;02/08/2021;20526289;M;ITAL;82;S;828981;I
30/04/2026;08/03/2021;3090257;M;ITAL;82;S;775388;I
30/04/2026;25/06/2023;20514699;M;ITAL;91;S;241029;I
30/04/2026;19/06/2022;11028616;M;ITAL;83;S;826339;I
30/04/2026;17/12/2025;16236551;M;ITAL;83;N;819751;I
30/04/2026;15/08/2022;29965511;M;ITAL;85;N;856683;I
30/04/2026;29/12/2023;27782717;M;ITAL;72;S;823373;I
30/04/2026;16/01/2021;1305718;M;ITAL;91;S;828917;S
30/04/2026;08/06/2023;29864615;M;ITAL;87;N;820283;I
30/04/2026;03/10/2023;15755194;M;ITAL;88;S;816024;I
30/04/2026;29/12/2023;18858800;M;ITAL;83;N;820709;I
30/04/2026;25/12/2022;1070552;M;ITAL;82;S;754607;I
30/04/2026;22/07/2022;1573493;M;ITAL;88;N;556934;I
30/04/2026;24/10/2023;10996815;M;ITAL;75;N;797128;I
30/04/2026;15/07/2022;20644140;M;ITAL;84;N;23077717;I
30/04/2026;20/01/2022;2351244;M;ITAL;82;N;23892757;I
30/04/2026;24/05/2023;10589873;M;ITAL;67;N;25150435;I
30/04/2026;13/04/2023;33520367;M;ITAL;73;N;24486513;I
30/04/2026;16/11/2022;23591165;M;ITAL;88;S;12923576;I
30/04/2026;08/01/2023;11069622;M;ITAL;81;N;20293443;I
30/04/2026;16/02/2024;1186152;M;ITAL;83;S;810446;I
30/04/2026;20/09/2022;2280517;M;ITAL;90;N;1039453;I
30/04/2026;27/03/2022;1011251;M;ITAL;90;S;1064096;S
30/04/2026;06/07/2022;3220345;M;ITAL;94;N;1066371;I
30/04/2026;03/05/2025;20532413;M;ITAL;90;N;1132648;I
30/04/2026;01/05/2025;3765415;M;ITAL;81;S;1154670;I
30/04/2026;28/01/2022;948816;M;ITAL;82;N;9805405;I
30/04/2026;11/02/2021;1055905;M;ITAL;88;S;11383887;I
30/04/2026;20/03/2023;8843166;M;ITAL;82;S;12392468;I
30/04/2026;28/07/2022;3447689;M;ITAL;70;S;12624628;I
30/04/2026;16/10/2022;2354141;M;ITAL;73;N;15360006;I
30/04/2026;26/02/2023;20941606;M;ITAL;87;S;123329;I
30/04/2026;01/06/2025;26257194;M;ITAL;93;N;234985;I
30/04/2026;06/03/2022;20662835;M;ITAL;93;S;821193;I
30/04/2026;16/12/2024;1170903;M;ITAL;84;N;816659;I
30/04/2026;20/04/2025;10996530;M;ITAL;81;N;815850;I
30/04/2026;20/07/2022;30817359;M;ITAL;93;S;807945;I
30/04/2026;27/10/2022;17694564;M;ITAL;89;N;819727;I
30/04/2026;19/03/2021;1030752;M;ITAL;86;N;822655;I
30/04/2026;18/12/2021;20466215;M;ITAL;90;N;380428;I
30/04/2026;30/08/2024;13966218;M;ITAL;91;N;553638;I
30/04/2026;05/09/2024;20496788;M;ITAL;87;N;556047;I
30/04/2026;12/05/2022;21090516;M;ITAL;85;S;805864;I
30/04/2026;19/10/2024;24815664;M;ITAL;81;N;819506;I
30/04/2026;13/10/2021;2693837;M;ITAL;94;S;240261;S
30/04/2026;24/08/2022;20260130;M;ITAL;92;S;240054;I
30/04/2026;22/08/2024;11051719;M;ITAL;87;N;204590;I
30/04/2026;30/11/2021;11015281;M;ITAL;70;N;1173252;I
30/04/2026;01/10/2024;32948999;M;ITAL;91;S;23062235;S
30/04/2026;23/09/2021;26777369;M;ITAL;74;N;23529532;I
30/04/2026;15/04/2023;27934572;M;ITAL;85;N;825312;I
30/04/2026;12/11/2023;4128222;M;ITAL;94;S;932509;I
30/04/2026;28/11/2022;30746181;M;ITAL;80;N;819180;I
30/04/2026;28/11/2024;28092451;M;ITAL;80;N;804506;I
30/04/2026;09/03/2022;11956302;M;ITAL;89;N;813381;I
30/04/2026;26/10/2023;20518318;M;ITAL;88;N;813429;I
30/04/2026;24/03/2023;20668494;M;ITAL;93;S;814481;S
30/04/2026;18/07/2021;10902613;M;ITAL;93;N;811890;I
30/04/2026;06/07/2022;266144;M;ITAL;88;S;241587;S
30/04/2026;07/06/2023;27613758;M;ITAL;91;S;815409;I
30/04/2026;14/06/2022;1601851;M;ITAL;75;N;815368;I
30/04/2026;18/03/2021;1046852;M;ITAL;84;N;809031;I
30/04/2026;25/12/2022;20143407;M;ITAL;86;S;240352;S
30/04/2026;16/02/2022;16679037;M;ITAL;88;S;817486;I
30/04/2026;27/11/2022;25853306;M;ITAL;78;S;802890;I
30/04/2026;28/12/2021;1251639;M;ITAL;92;S;824463;I
30/04/2026;08/09/2021;2159454;M;ITAL;90;S;826478;S
30/04/2026;18/05/2024;32033151;M;ITAL;91;S;824683;S
30/04/2026;02/06/2022;3364832;M;ITAL;82;S;817958;I
30/04/2026;08/03/2021;3262193;M;ITAL;90;N;1068501;I
30/04/2026;27/03/2024;34043109;M;ITAL;75;N;25636190;I
30/04/2026;01/12/2021;1259289;M;ITAL;91;S;263641;I
30/04/2026;14/04/2022;1034729;M;Z110;87;S;235861;I
30/04/2026;10/03/2024;20581212;M;ITAL;86;S;825875;I
30/04/2026;26/05/2024;1485048;M;ITAL;91;S;817056;I
30/04/2026;15/08/2022;31110979;M;ITAL;95;N;811579;I
30/04/2026;20/11/2023;2831702;M;ITAL;83;S;829349;I
30/04/2026;03/08/2024;20580864;M;ITAL;85;N;905289;I
30/04/2026;24/12/2025;27804908;M;ITAL;79;N;821698;I
30/04/2026;08/09/2024;18757004;M;ITAL;91;N;819292;I
30/04/2026;26/11/2025;22463665;M;ITAL;89;N;825342;I
30/04/2026;13/11/2021;21527051;M;ITAL;91;N;825741;I
30/04/2026;28/03/2025;4324843;M;ITAL;95;S;5175758;S
30/04/2026;20/03/2024;353235;M;ITAL;89;S;13613917;I
30/04/2026;16/12/2022;11626702;M;Z112;50;S;17271970;I
30/04/2026;03/04/2024;1001973;M;ITAL;81;N;6223386;I
30/04/2026;02/10/2023;27545593;M;ITAL;75;N;10555892;I
30/04/2026;07/09/2022;8659911;M;ITAL;71;N;15006227;I
30/04/2026;14/01/2025;20525181;M;ITAL;73;N;18864223;I
30/04/2026;21/02/2021;6417647;M;ITAL;72;N;19964145;I
30/04/2026;12/12/2025;3089417;M;ITAL;83;S;20324630;I
30/04/2026;05/11/2022;25281033;M;ITAL;73;N;22016888;I
30/04/2026;03/12/2024;1085331;M;ITAL;65;N;22867790;I
30/04/2026;07/04/2022;7672987;M;ITAL;65;N;20978217;I
30/04/2026;11/07/2024;16236687;M;ITAL;89;S;812249;I
30/04/2026;02/08/2022;29864708;M;ITAL;87;S;815384;I
30/04/2026;31/05/2023;20877538;M;ITAL;85;N;1004913;I
30/04/2026;01/03/2022;1448186;M;ITAL;74;N;801116;I
30/04/2026;30/04/2021;3128311;M;ITAL;78;N;793908;I
30/04/2026;01/03/2023;1411974;M;ITAL;93;S;801404;I
30/04/2026;30/01/2024;1167490;M;ITAL;89;N;1104235;I
30/04/2026;28/06/2023;446604;M;ITAL;93;N;1139285;I
30/04/2026;21/04/2023;1447826;M;ITAL;87;N;1170419;I
30/04/2026;18/02/2022;12243945;M;ITAL;70;N;1361458;I
30/04/2026;29/09/2023;20027607;M;ITAL;69;N;24921910;I
30/04/2026;12/12/2023;20167728;M;ITAL;82;N;25474346;I
30/04/2026;10/03/2023;33801519;M;ITAL;84;N;25094027;I
30/04/2026;27/03/2022;29955798;M;ITAL;87;S;240693;I
30/04/2026;24/08/2021;20636347;M;ITAL;92;S;824272;I
30/04/2026;09/04/2022;23243334;M;ITAL;96;S;825473;I
30/04/2026;21/02/2022;1108628;M;ITAL;83;N;784362;I
30/04/2026;01/05/2022;18923802;M;ITAL;72;N;24666005;I
30/04/2026;10/01/2023;11186159;M;ITAL;64;N;16464960;I
30/04/2026;28/07/2022;11640068;M;ITAL;72;N;17354626;I
30/04/2026;08/01/2021;6092476;M;ITAL;79;S;18621982;I
30/04/2026;29/06/2021;29870447;M;ITAL;68;N;22482237;I
30/04/2026;08/05/2024;33881111;F;ITAL;83;N;25339647;A
30/04/2026;27/08/2024;20457101;M;ITAL;86;S;822656;I
30/04/2026;23/03/2023;2696608;M;ITAL;88;N;808685;I
30/04/2026;24/10/2022;3409331;M;ITAL;89;S;786004;I
30/04/2026;29/08/2021;2774451;M;ITAL;83;N;831669;I
30/04/2026;27/12/2021;120952;M;ITAL;76;S;811017;I
30/04/2026;18/03/2021;2769103;M;ITAL;87;N;813746;I
30/04/2026;03/04/2021;2387257;M;ITAL;75;S;845870;I
30/04/2026;14/06/2023;2497181;M;ITAL;74;N;1051493;I
30/04/2026;10/07/2021;3660997;M;ITAL;86;S;2749735;S
30/04/2026;25/03/2023;1785988;M;ITAL;79;N;3834272;I